{
  "subscription-0" : {
    "transaction" : "subscription-0",
    "sampleCount" : 54,
    "errorCount" : 0,
    "errorPct" : 0.0,
    "meanResTime" : 884.7407407407408,
    "medianResTime" : 283.0,
    "minResTime" : 232.0,
    "maxResTime" : 30432.0,
    "pct1ResTime" : 512.5,
    "pct2ResTime" : 1317.0,
    "pct3ResTime" : 30432.0,
    "throughput" : 0.3963564565732783,
    "receivedKBytesPerSec" : 0.683560060848056,
    "sentKBytesPerSec" : 0.48422063200504983
  },
  "subscription-1" : {
    "transaction" : "subscription-1",
    "sampleCount" : 54,
    "errorCount" : 0,
    "errorPct" : 0.0,
    "meanResTime" : 1385.0555555555552,
    "medianResTime" : 248.5,
    "minResTime" : 231.0,
    "maxResTime" : 30111.0,
    "pct1ResTime" : 518.0,
    "pct2ResTime" : 8925.75,
    "pct3ResTime" : 30111.0,
    "throughput" : 0.3995826581126379,
    "receivedKBytesPerSec" : 3.4201691427842036,
    "sentKBytesPerSec" : 0.4815283204208938
  },
  "documentation" : {
    "transaction" : "documentation",
    "sampleCount" : 1000,
    "errorCount" : 0,
    "errorPct" : 0.0,
    "meanResTime" : 642.846000000001,
    "medianResTime" : 520.0,
    "minResTime" : 455.0,
    "maxResTime" : 31117.0,
    "pct1ResTime" : 753.4999999999999,
    "pct2ResTime" : 856.0,
    "pct3ResTime" : 1527.99,
    "throughput" : 6.618878364872288,
    "receivedKBytesPerSec" : 180.97964855203762,
    "sentKBytesPerSec" : 16.61594434019711
  },
  "login-1" : {
    "transaction" : "login-1",
    "sampleCount" : 946,
    "errorCount" : 0,
    "errorPct" : 0.0,
    "meanResTime" : 6666.331923890061,
    "medianResTime" : 626.5,
    "minResTime" : 245.0,
    "maxResTime" : 31456.0,
    "pct1ResTime" : 30653.0,
    "pct2ResTime" : 30691.3,
    "pct3ResTime" : 30755.12,
    "throughput" : 6.250165173498243,
    "receivedKBytesPerSec" : 166.45255406747998,
    "sentKBytesPerSec" : 7.916468974635958
  },
  "login-0" : {
    "transaction" : "login-0",
    "sampleCount" : 946,
    "errorCount" : 0,
    "errorPct" : 0.0,
    "meanResTime" : 5143.050739957716,
    "medianResTime" : 539.0,
    "minResTime" : 309.0,
    "maxResTime" : 30684.0,
    "pct1ResTime" : 18769.600000000006,
    "pct2ResTime" : 28945.25,
    "pct3ResTime" : 29902.929999999997,
    "throughput" : 6.116880261745574,
    "receivedKBytesPerSec" : 10.925560545637358,
    "sentKBytesPerSec" : 8.392789812258332
  },
  "subscription" : {
    "transaction" : "subscription",
    "sampleCount" : 1000,
    "errorCount" : 0,
    "errorPct" : 0.0,
    "meanResTime" : 1535.3639999999991,
    "medianResTime" : 498.0,
    "minResTime" : 267.0,
    "maxResTime" : 30815.0,
    "pct1ResTime" : 774.0,
    "pct2ResTime" : 1829.8999999999808,
    "pct3ResTime" : 30690.89,
    "throughput" : 6.304097032661527,
    "receivedKBytesPerSec" : 173.79099608476173,
    "sentKBytesPerSec" : 8.111821482156254
  },
  "contact us" : {
    "transaction" : "contact us",
    "sampleCount" : 1000,
    "errorCount" : 0,
    "errorPct" : 0.0,
    "meanResTime" : 657.4410000000005,
    "medianResTime" : 513.0,
    "minResTime" : 455.0,
    "maxResTime" : 29801.0,
    "pct1ResTime" : 767.6999999999999,
    "pct2ResTime" : 882.8499999999998,
    "pct3ResTime" : 1531.960000000001,
    "throughput" : 6.4400623398034496,
    "receivedKBytesPerSec" : 156.7931790079728,
    "sentKBytesPerSec" : 16.091577485220057
  },
  "login" : {
    "transaction" : "login",
    "sampleCount" : 1000,
    "errorCount" : 54,
    "errorPct" : 5.4,
    "meanResTime" : 12352.868999999997,
    "medianResTime" : 4974.0,
    "minResTime" : 40.0,
    "maxResTime" : 48475.0,
    "pct1ResTime" : 31132.4,
    "pct2ResTime" : 34384.84999999999,
    "pct3ResTime" : 46402.84,
    "throughput" : 6.446912895759866,
    "receivedKBytesPerSec" : 173.77764516836112,
    "sentKBytesPerSec" : 16.57034156147454
  },
  "documentation-0" : {
    "transaction" : "documentation-0",
    "sampleCount" : 1000,
    "errorCount" : 0,
    "errorPct" : 0.0,
    "meanResTime" : 37.81499999999994,
    "medianResTime" : 24.0,
    "minResTime" : 19.0,
    "maxResTime" : 1062.0,
    "pct1ResTime" : 35.0,
    "pct2ResTime" : 51.94999999999993,
    "pct3ResTime" : 277.98,
    "throughput" : 6.6467264872050515,
    "receivedKBytesPerSec" : 3.849129694250582,
    "sentKBytesPerSec" : 8.126661681621801
  },
  "documentation-1" : {
    "transaction" : "documentation-1",
    "sampleCount" : 1000,
    "errorCount" : 0,
    "errorPct" : 0.0,
    "meanResTime" : 587.6120000000009,
    "medianResTime" : 490.0,
    "minResTime" : 232.0,
    "maxResTime" : 30838.0,
    "pct1ResTime" : 642.9,
    "pct2ResTime" : 786.5499999999994,
    "pct3ResTime" : 1493.800000000002,
    "throughput" : 6.62001760924684,
    "receivedKBytesPerSec" : 174.11709781944896,
    "sentKBytesPerSec" : 8.094005905055708
  },
  "home" : {
    "transaction" : "home",
    "sampleCount" : 1000,
    "errorCount" : 0,
    "errorPct" : 0.0,
    "meanResTime" : 17600.292000000005,
    "medianResTime" : 13785.0,
    "minResTime" : 234.0,
    "maxResTime" : 69536.0,
    "pct1ResTime" : 30549.7,
    "pct2ResTime" : 59121.299999999996,
    "pct3ResTime" : 60447.8,
    "throughput" : 6.441514271174868,
    "receivedKBytesPerSec" : 55.123887429706976,
    "sentKBytesPerSec" : 3.5038314932074233
  },
  "documentation-2" : {
    "transaction" : "documentation-2",
    "sampleCount" : 54,
    "errorCount" : 0,
    "errorPct" : 0.0,
    "meanResTime" : 319.3333333333333,
    "medianResTime" : 248.0,
    "minResTime" : 232.0,
    "maxResTime" : 684.0,
    "pct1ResTime" : 584.0,
    "pct2ResTime" : 647.5,
    "pct3ResTime" : 684.0,
    "throughput" : 0.4504579655983584,
    "receivedKBytesPerSec" : 3.8559221406346453,
    "sentKBytesPerSec" : 0.5428370405745842
  },
  "downlaod history-0" : {
    "transaction" : "downlaod history-0",
    "sampleCount" : 1000,
    "errorCount" : 0,
    "errorPct" : 0.0,
    "meanResTime" : 73.81900000000006,
    "medianResTime" : 45.0,
    "minResTime" : 20.0,
    "maxResTime" : 2126.0,
    "pct1ResTime" : 57.0,
    "pct2ResTime" : 270.7999999999997,
    "pct3ResTime" : 1054.0,
    "throughput" : 6.5444597875668356,
    "receivedKBytesPerSec" : 3.80908011073226,
    "sentKBytesPerSec" : 8.020797884176151
  },
  "downlaod history" : {
    "transaction" : "downlaod history",
    "sampleCount" : 1000,
    "errorCount" : 0,
    "errorPct" : 0.0,
    "meanResTime" : 1019.6869999999999,
    "medianResTime" : 767.5,
    "minResTime" : 491.0,
    "maxResTime" : 31427.0,
    "pct1ResTime" : 1005.3999999999999,
    "pct2ResTime" : 1155.9499999999998,
    "pct3ResTime" : 4208.430000000012,
    "throughput" : 6.516865648297795,
    "receivedKBytesPerSec" : 426.41958462720265,
    "sentKBytesPerSec" : 16.398037731022885
  },
  "transaction-1" : {
    "transaction" : "transaction-1",
    "sampleCount" : 54,
    "errorCount" : 0,
    "errorPct" : 0.0,
    "meanResTime" : 261.6851851851853,
    "medianResTime" : 239.5,
    "minResTime" : 232.0,
    "maxResTime" : 602.0,
    "pct1ResTime" : 309.5,
    "pct2ResTime" : 350.75,
    "pct3ResTime" : 602.0,
    "throughput" : 0.4344013707776589,
    "receivedKBytesPerSec" : 3.7184697633518087,
    "sentKBytesPerSec" : 0.523487589394171
  },
  "contact us-0" : {
    "transaction" : "contact us-0",
    "sampleCount" : 1000,
    "errorCount" : 0,
    "errorPct" : 0.0,
    "meanResTime" : 41.013000000000034,
    "medianResTime" : 24.0,
    "minResTime" : 19.0,
    "maxResTime" : 1050.0,
    "pct1ResTime" : 41.89999999999998,
    "pct2ResTime" : 264.89999999999986,
    "pct3ResTime" : 286.98,
    "throughput" : 6.468514505643779,
    "receivedKBytesPerSec" : 3.708025405090721,
    "sentKBytesPerSec" : 7.87086823635952
  },
  "Test" : {
    "transaction" : "Test",
    "sampleCount" : 1000,
    "errorCount" : 54,
    "errorPct" : 5.4,
    "meanResTime" : 34667.31200000003,
    "medianResTime" : 32866.5,
    "minResTime" : 3761.0,
    "maxResTime" : 113114.0,
    "pct1ResTime" : 57137.0,
    "pct2ResTime" : 63316.799999999996,